Age,sex,education,driverrelation,experience,lanes,junctype,roadtype,light,weather,collision,direction,pedestrian,cause,severity
18-30,Male,Junior high school,Employee,5-10yr,other,Y Shape,Asphalt roads,Daylight,Normal,Collision with animals,Going straight,Not a Pedestrian,No distancing,2
31-50,Male,Junior high school,Employee,Above 10yr,Undivided Two way,Crossing,Asphalt roads,Daylight,Normal,Collision with animals,Going straight,Not a Pedestrian,Other,1
31-50,Male,Junior high school,Employee,Above 10yr,One way,Crossing,Asphalt roads,Daylight,Normal,Collision with animals,Moving Backward,Not a Pedestrian,No distancing,1
Under 18,Male,Junior high school,Owner,5-10yr,Undivided Two way,Crossing,Asphalt roads,Darkness - lights lit,Normal,Collision with animals,Going straight,Not a Pedestrian,No priority to pedestrian,2
Under 18,Male,Elementary school,Employee,2-5yr,other,Crossing,Asphalt roads,Darkness - lights lit,Normal,Collision with animals,Going straight,Not a Pedestrian,Moving Backward,2
31-50,Male,Junior high school,Employee,2-5yr,other,Y Shape,Asphalt roads,Daylight,Unknown,Collision with animals,Going straight,Not a Pedestrian,No priority to pedestrian,2
Under 18,Male,Junior high school,Employee,Below 1yr,One way,Y Shape,Asphalt roads,Daylight,Unknown,Collision with animals,Going straight,Not a Pedestrian,No distancing,2
18-30,Male,Junior high school,Employee,2-5yr,One way,Crossing,Asphalt roads,Darkness - lights lit,Normal,Collision with animals,Going straight,Not a Pedestrian,No priority to pedestrian,2
18-30,Male,Junior high school,Employee,2-5yr,Undivided Two way,Crossing,Asphalt roads,Darkness - lights lit,Normal,Collision with animals,Going straight,Not a Pedestrian,Moving Backward,2
Over 51,Male,Elementary school,Employee,5-10yr,other,No junction,Asphalt roads,Daylight,Raining,Other,Going straight,Not a Pedestrian,Overtaking,2
31-50,Male,Junior high school,Employee,Above 10yr,Undivided Two way,No junction,Asphalt roads,Daylight,Raining,Rollover,Going straight,Not a Pedestrian,Changing lane to the left,2
18-30,Male,Unknown,Unknown,Unknown,other,Y Shape,Asphalt roads with some distress,Daylight,Normal,Collision with animals,Going straight,Not a Pedestrian,Changing lane to the right,2
Over 51,Male,Junior high school,Employee,2-5yr,other,Y Shape,Asphalt roads,Daylight,Normal,Rollover,Going straight,Not a Pedestrian,Overtaking,2
18-30,Male,Junior high school,Employee,5-10yr,Double carriageway (median),No junction,Asphalt roads,Daylight,Normal,Collision with animals,Going straight,Not a Pedestrian,Overloading,2
31-50,Male,Above high school,Employee,2-5yr,Undivided Two way,No junction,Asphalt roads,Daylight,Normal,Collision with animals,Going straight,Not a Pedestrian,Other,2
31-50,Male,Unknown,Unknown,Unknown,other,Y Shape,Asphalt roads,Daylight,Normal,Vehicle with vehicle collision,Going straight,Not a Pedestrian,No priority to vehicle,2
31-50,Male,Unknown,Employee,1-2yr,other,Y Shape,Asphalt roads,Daylight,Normal,Fall from vehicles,Going straight,Not a Pedestrian,Changing lane to the right,2
Under 18,Male,Junior high school,Employee,2-5yr,Two-way (divided with solid lines road marking),Y Shape,Asphalt roads,Daylight,Normal,Collision with roadside-parked vehicles,Going straight,"In carriageway, statioNot a Pedestrianry - not crossing  (standing or playing)",Moving Backward,2
Under 18,Male,Junior high school,Employee,Above 10yr,Undivided Two way,Y Shape,Asphalt roads,Daylight,Normal,Collision with roadside-parked vehicles,Going straight,Not a Pedestrian,Changing lane to the left,2
18-30,Male,Junior high school,Employee,Below 1yr,Undivided Two way,Unknown,Asphalt roads,Daylight,Normal,Rollover,Going straight,Not a Pedestrian,No priority to pedestrian,2
31-50,Male,Junior high school,Employee,2-5yr,other,No junction,Asphalt roads,Daylight,Normal,Collision with animals,Reversing,Not a Pedestrian,No distancing,2
31-50,Male,Junior high school,Employee,Below 1yr,Undivided Two way,Crossing,Asphalt roads,Daylight,Normal,Collision with animals,Going straight,Not a Pedestrian,No priority to vehicle,2
18-30,Male,High school,Employee,5-10yr,Undivided Two way,Y Shape,Asphalt roads,Daylight,Normal,Fall from vehicles,Going straight,Not a Pedestrian,No distancing,2
31-50,Male,Above high school,Employee,1-2yr,Double carriageway (median),Y Shape,Asphalt roads,Daylight,Normal,Collision with roadside-parked vehicles,Going straight,Not a Pedestrian,No distancing,2
31-50,Male,Junior high school,Employee,Below 1yr,Undivided Two way,Y Shape,Asphalt roads,Daylight,Normal,Collision with animals,Unknown,Not a Pedestrian,Moving Backward,2
Over 51,Male,Unknown,Unknown,Unknown,other,Crossing,Asphalt roads,Daylight,Normal,Collision with animals,Going straight,Not a Pedestrian,Changing lane to the right,1
31-50,Male,High school,Employee,Below 1yr,other,Crossing,Asphalt roads,Daylight,Normal,Collision with pedestrians,Going straight,Not a Pedestrian,No priority to pedestrian,1
18-30,Male,High school,Employee,Below 1yr,other,No junction,Asphalt roads,Daylight,Normal,Vehicle with vehicle collision,Going straight,Not a Pedestrian,Moving Backward,1
31-50,Male,Unknown,Unknown,Unknown,other,Crossing,Asphalt roads,Daylight,Normal,Vehicle with vehicle collision,Going straight,Not a Pedestrian,Getting off the vehicle improperly,2
31-50,Male,High school,Employee,2-5yr,Undivided Two way,Crossing,Asphalt roads,Daylight,Normal,Collision with pedestrians,Going straight,Not a Pedestrian,Overtaking,2
Unknown,Female,Junior high school,Employee,Above 10yr,Two-way (divided with broken lines road marking),Crossing,Asphalt roads,Darkness - lights lit,Normal,Vehicle with vehicle collision,Going straight,Not a Pedestrian,Overloading,2
Under 18,Male,Junior high school,Employee,Above 10yr,Two-way (divided with broken lines road marking),Crossing,Gravel roads,Darkness - lights lit,Normal,Collision with roadside objects,Unknown,Not a Pedestrian,Changing lane to the right,2
18-30,Male,Junior high school,Employee,5-10yr,Undivided Two way,No junction,Asphalt roads,Daylight,Normal,Vehicle with vehicle collision,Moving Backward,Not a Pedestrian,Improper parking,0
18-30,Male,Junior high school,Employee,1-2yr,Undivided Two way,No junction,Asphalt roads,Daylight,Normal,Vehicle with vehicle collision,Going straight,Not a Pedestrian,Other,0
18-30,Male,Unknown,Employee,Below 1yr,Two-way (divided with broken lines road marking),No junction,Asphalt roads,Daylight,Normal,Vehicle with vehicle collision,Turnover,Not a Pedestrian,Changing lane to the left,1
31-50,Male,Junior high school,Employee,Below 1yr,Two-way (divided with broken lines road marking),No junction,Asphalt roads,Daylight,Normal,Rollover,Turnover,Not a Pedestrian,Changing lane to the right,1
Over 51,Male,High school,Employee,2-5yr,Undivided Two way,Other,Asphalt roads,Daylight,Normal,Vehicle with vehicle collision,Reversing,Not a Pedestrian,No priority to pedestrian,2
31-50,Male,Junior high school,Owner,1-2yr,Two-way (divided with broken lines road marking),Other,Asphalt roads,Daylight,Normal,Vehicle with vehicle collision,Reversing,Not a Pedestrian,Overspeed,2
31-50,Unknown,Junior high school,Employee,5-10yr,Undivided Two way,Crossing,Asphalt roads,Daylight,Normal,Vehicle with vehicle collision,Reversing,Not a Pedestrian,Changing lane to the left,2
18-30,Male,Elementary school,Employee,2-5yr,Double carriageway (median),Crossing,Asphalt roads,Daylight,Normal,Collision with pedestrians,Moving Backward,Unknown or other,No priority to vehicle,2
18-30,Female,Elementary school,Owner,5-10yr,Two-way (divided with broken lines road marking),Y Shape,Asphalt roads,Daylight,Normal,Vehicle with vehicle collision,Going straight,Not a Pedestrian,Changing lane to the right,1
31-50,Male,Junior high school,Employee,Above 10yr,Two-way (divided with broken lines road marking),Y Shape,Asphalt roads,Daylight,Normal,Collision with roadside objects,Going straight,Not a Pedestrian,No distancing,1
31-50,Unknown,Junior high school,Employee,5-10yr,Undivided Two way,Crossing,Asphalt roads,Daylight,Normal,Vehicle with vehicle collision,Going straight,Unknown or other,No priority to pedestrian,2
31-50,Male,High school,Employee,5-10yr,Two-way (divided with broken lines road marking),Crossing,Asphalt roads,Daylight,Normal,Rollover,Going straight,Unknown or other,No distancing,2
18-30,Male,Junior high school,Employee,5-10yr,Double carriageway (median),Y Shape,Asphalt roads,Daylight,Normal,Vehicle with vehicle collision,Going straight,Not a Pedestrian,No priority to vehicle,2
31-50,Male,Junior high school,Employee,Above 10yr,Two-way (divided with broken lines road marking),Y Shape,Asphalt roads,Daylight,Normal,Vehicle with vehicle collision,Going straight,Not a Pedestrian,Other,2
31-50,Male,Junior high school,Unknown,1-2yr,Two-way (divided with broken lines road marking),Y Shape,Gravel roads,Daylight,Normal,Vehicle with vehicle collision,Going straight,Not a Pedestrian,Driving carelessly,2
31-50,Male,Junior high school,Employee,2-5yr,Unknown,Y Shape,Asphalt roads,Daylight,Normal,Vehicle with vehicle collision,Going straight,Not a Pedestrian,Changing lane to the left,2
18-30,Male,Junior high school,Employee,1-2yr,Double carriageway (median),Other,Asphalt roads,Daylight,Normal,Vehicle with vehicle collision,Going straight,Not a Pedestrian,Driving carelessly,2
Under 18,Male,Unknown,Unknown,Unknown,Two-way (divided with broken lines road marking),Other,Asphalt roads,Daylight,Normal,Collision with roadside objects,Going straight,Not a Pedestrian,Changing lane to the left,2
18-30,Male,Elementary school,Employee,5-10yr,Two-way (divided with broken lines road marking),Other,Asphalt roads,Daylight,Normal,Vehicle with vehicle collision,Going straight,Not a Pedestrian,No priority to vehicle,2
Over 51,Male,Junior high school,Employee,5-10yr,One way,Crossing,Earth roads,Daylight,Normal,Vehicle with vehicle collision,Going straight,Not a Pedestrian,No distancing,2
31-50,Male,Junior high school,Employee,Above 10yr,Undivided Two way,Crossing,Asphalt roads,Daylight,Normal,Collision with roadside objects,Going straight,Not a Pedestrian,Changing lane to the right,2
Unknown,Female,Junior high school,Employee,2-5yr,Undivided Two way,No junction,Asphalt roads,Darkness - lights lit,Normal,Collision with roadside objects,Going straight,Not a Pedestrian,Changing lane to the right,2
Over 51,Male,Junior high school,Owner,Above 10yr,other,No junction,Unknown,Darkness - lights lit,Normal,Vehicle with vehicle collision,Going straight,Not a Pedestrian,Driving at high speed,2
Over 51,Male,Junior high school,Employee,2-5yr,Two-way (divided with broken lines road marking),No junction,Gravel roads,Darkness - lights lit,Normal,Vehicle with vehicle collision,Going straight,Not a Pedestrian,No distancing,2
Under 18,Male,Elementary school,Other,5-10yr,Undivided Two way,No junction,Asphalt roads,Darkness - lights lit,Normal,Vehicle with vehicle collision,Going straight,Not a Pedestrian,Changing lane to the right,2
Under 18,Male,Elementary school,Employee,5-10yr,Two-way (divided with broken lines road marking),No junction,Unknown,Darkness - lights lit,Normal,Vehicle with vehicle collision,Going straight,Not a Pedestrian,Changing lane to the left,2
31-50,Male,Junior high school,Unknown,5-10yr,Double carriageway (median),No junction,Asphalt roads,Darkness - lights lit,Normal,Collision with roadside objects,Going straight,Not a Pedestrian,Getting off the vehicle improperly,1
18-30,Male,Junior high school,Employee,5-10yr,Undivided Two way,Y Shape,Earth roads,Darkness - lights lit,Normal,Vehicle with vehicle collision,Going straight,Not a Pedestrian,Other,2
18-30,Male,Elementary school,Employee,Above 10yr,Undivided Two way,Y Shape,Asphalt roads,Darkness - lights lit,Normal,Vehicle with vehicle collision,Going straight,Not a Pedestrian,Other,2
31-50,Unknown,Junior high school,Unknown,Below 1yr,Two-way (divided with broken lines road marking),No junction,Asphalt roads,Daylight,Raining,Vehicle with vehicle collision,Turnover,Not a Pedestrian,No distancing,2
18-30,Male,Junior high school,Employee,5-10yr,Double carriageway (median),No junction,Asphalt roads,Daylight,Raining,Vehicle with vehicle collision,Reversing,Not a Pedestrian,No priority to vehicle,2
Over 51,Male,Elementary school,Employee,1-2yr,Undivided Two way,Crossing,Asphalt roads,Daylight,Normal,Vehicle with vehicle collision,Moving Backward,Not a Pedestrian,Overtaking,2
31-50,Male,Unknown,Unknown,Unknown,other,Crossing,Asphalt roads,Daylight,Normal,Vehicle with vehicle collision,Going straight,Crossing from driver's nearside,No priority to pedestrian,2
31-50,Male,Junior high school,Employee,Above 10yr,Two-way (divided with broken lines road marking),Crossing,Earth roads,Daylight,Normal,Collision with roadside objects,Moving Backward,Not a Pedestrian,No distancing,2
31-50,Male,High school,Owner,2-5yr,Undivided Two way,Crossing,Asphalt roads,Daylight,Normal,Vehicle with vehicle collision,Going straight,Not a Pedestrian,Changing lane to the right,2
18-30,Male,Junior high school,Employee,1-2yr,Undivided Two way,Crossing,Asphalt roads,Daylight,Normal,Collision with pedestrians,Going straight,Unknown or other,Driving carelessly,2
18-30,Unknown,Junior high school,Employee,1-2yr,Double carriageway (median),Crossing,Asphalt roads,Daylight,Normal,Collision with roadside objects,Going straight,Unknown or other,Changing lane to the right,2
31-50,Male,Above high school,Owner,2-5yr,Undivided Two way,Crossing,Asphalt roads,Daylight,Normal,Collision with roadside objects,Going straight,Not a Pedestrian,Overtaking,2
31-50,Male,Unknown,Unknown,Unknown,Undivided Two way,No junction,Asphalt roads,Daylight,Normal,Vehicle with vehicle collision,Going straight,Not a Pedestrian,Other,1
31-50,Male,Elementary school,Owner,2-5yr,other,No junction,Asphalt roads,Daylight,Normal,Rollover,Unknown,Not a Pedestrian,Driving to the left,1
31-50,Male,Junior high school,Employee,1-2yr,Two-way (divided with broken lines road marking),Y Shape,Asphalt roads,Daylight,Normal,Vehicle with vehicle collision,Going straight,Not a Pedestrian,Driving at high speed,2
18-30,Male,Unknown,Owner,5-10yr,Two-way (divided with broken lines road marking),Y Shape,Asphalt roads,Daylight,Normal,Vehicle with vehicle collision,Unknown,Not a Pedestrian,Unknown,2
18-30,Male,Junior high school,Employee,Below 1yr,Undivided Two way,Y Shape,Asphalt roads,Daylight,Normal,Vehicle with vehicle collision,Going straight,Not a Pedestrian,Changing lane to the right,2
31-50,Male,Junior high school,Employee,2-5yr,Double carriageway (median),Y Shape,Asphalt roads,Daylight,Raining,Vehicle with vehicle collision,Moving Backward,Not a Pedestrian,No distancing,2
31-50,Male,Junior high school,Employee,5-10yr,Double carriageway (median),Y Shape,Asphalt roads,Daylight,Raining,Vehicle with vehicle collision,Going straight,Not a Pedestrian,Other,2
31-50,Male,Junior high school,Employee,Above 10yr,Two-way (divided with broken lines road marking),No junction,Earth roads,Daylight,Normal,Vehicle with vehicle collision,Going straight,Unknown or other,No priority to vehicle,1
18-30,Male,Elementary school,Employee,2-5yr,Two-way (divided with broken lines road marking),No junction,Asphalt roads,Daylight,Normal,Vehicle with vehicle collision,Moving Backward,Not a Pedestrian,Changing lane to the left,1
18-30,Male,Elementary school,Owner,Above 10yr,Two-way (divided with broken lines road marking),No junction,Asphalt roads,Daylight,Normal,Vehicle with vehicle collision,Going straight,Not a Pedestrian,No priority to pedestrian,2
31-50,Unknown,Junior high school,Employee,1-2yr,Two-way (divided with broken lines road marking),No junction,Asphalt roads,Daylight,Normal,Collision with roadside objects,Turnover,Not a Pedestrian,Overtaking,2
31-50,Male,Junior high school,Employee,5-10yr,Double carriageway (median),No junction,Asphalt roads,Daylight,Normal,Vehicle with vehicle collision,Going straight,Not a Pedestrian,Driving carelessly,2
Unknown,Female,Junior high school,Employee,2-5yr,Double carriageway (median),No junction,Other,Darkness - lights lit,Normal,Vehicle with vehicle collision,Going straight,Not a Pedestrian,No priority to vehicle,2
31-50,Male,Junior high school,Employee,2-5yr,Two-way (divided with broken lines road marking),No junction,Gravel roads,Darkness - lights lit,Normal,Vehicle with vehicle collision,Unknown,Not a Pedestrian,No priority to pedestrian,2
31-50,Male,Junior high school,Employee,2-5yr,Two-way (divided with broken lines road marking),No junction,Gravel roads,Daylight,Normal,Vehicle with vehicle collision,Going straight,Not a Pedestrian,Changing lane to the right,2
Over 51,Male,Junior high school,Employee,2-5yr,Two-way (divided with broken lines road marking),No junction,Asphalt roads,Daylight,Normal,Collision with pedestrians,Going straight,Not a Pedestrian,Moving Backward,2
31-50,Male,Junior high school,Employee,Above 10yr,other,Y Shape,Asphalt roads,Daylight,Normal,Vehicle with vehicle collision,Going straight,Not a Pedestrian,Overtaking,2
18-30,Male,Junior high school,Employee,Above 10yr,Two-way (divided with broken lines road marking),Y Shape,Earth roads,Daylight,Normal,Vehicle with vehicle collision,Going straight,Not a Pedestrian,Changing lane to the left,2
31-50,Male,Elementary school,Employee,5-10yr,Two-way (divided with broken lines road marking),Y Shape,Asphalt roads,Daylight,Normal,Vehicle with vehicle collision,Reversing,Not a Pedestrian,Changing lane to the right,2
18-30,Male,Unknown,Employee,Unknown,Two-way (divided with broken lines road marking),No junction,Asphalt roads,Daylight,Normal,Vehicle with vehicle collision,Going straight,Not a Pedestrian,Overtaking,2
Over 51,Male,Unknown,Employee,2-5yr,Two-way (divided with broken lines road marking),No junction,Asphalt roads,Daylight,Normal,Vehicle with vehicle collision,Moving Backward,Not a Pedestrian,Overloading,2
31-50,Male,Elementary school,Employee,5-10yr,Unknown,Y Shape,Asphalt roads,Daylight,Normal,Vehicle with vehicle collision,Going straight,Not a Pedestrian,Other,1
18-30,Unknown,Junior high school,Employee,5-10yr,Two-way (divided with broken lines road marking),Y Shape,Earth roads,Daylight,Normal,Collision with roadside objects,Going straight,Not a Pedestrian,No priority to vehicle,2
Over 51,Male,Junior high school,Employee,Above 10yr,Undivided Two way,Y Shape,Asphalt roads,Daylight,Normal,Vehicle with vehicle collision,Going straight,Not a Pedestrian,Changing lane to the right,2
18-30,Unknown,Junior high school,Employee,5-10yr,Undivided Two way,No junction,Asphalt roads,Daylight,Normal,Vehicle with vehicle collision,Going straight,Not a Pedestrian,Moving Backward,2
31-50,Male,Junior high school,Employee,Above 10yr,One way,No junction,Asphalt roads,Daylight,Normal,Vehicle with vehicle collision,Going straight,Not a Pedestrian,Changing lane to the left,2
18-30,Male,Elementary school,Employee,Below 1yr,Two-way (divided with broken lines road marking),Y Shape,Asphalt roads,Daylight,Normal,Vehicle with vehicle collision,Turnover,Not a Pedestrian,No priority to pedestrian,2
31-50,Male,Elementary school,Employee,5-10yr,One way,Y Shape,Asphalt roads,Daylight,Normal,Vehicle with vehicle collision,Going straight,Not a Pedestrian,No distancing,2
31-50,Male,Elementary school,Employee,1-2yr,Two-way (divided with broken lines road marking),Y Shape,Asphalt roads,Daylight,Normal,Vehicle with vehicle collision,Going straight,Not a Pedestrian,No priority to vehicle,2
Over 51,Male,Elementary school,Employee,5-10yr,Double carriageway (median),Y Shape,Asphalt roads,Daylight,Normal,Vehicle with vehicle collision,Moving Backward,Not a Pedestrian,No distancing,2
18-30,Male,Elementary school,Employee,5-10yr,Unknown,No junction,Asphalt roads,Daylight,Normal,Vehicle with vehicle collision,Going straight,Unknown or other,No distancing,1
Over 51,Male,Elementary school,Employee,2-5yr,Unknown,No junction,Asphalt roads,Daylight,Normal,Rollover,Going straight,Not a Pedestrian,Moving Backward,2
Over 51,Male,Elementary school,Employee,5-10yr,other,No junction,Asphalt roads,Daylight,Normal,Vehicle with vehicle collision,Going straight,Not a Pedestrian,Changing lane to the right,2
31-50,Male,Unknown,Unknown,5-10yr,Unknown,No junction,Earth roads,Daylight,Normal,Vehicle with vehicle collision,Other,Not a Pedestrian,No priority to pedestrian,2
31-50,Male,Junior high school,Employee,Above 10yr,One way,No junction,Asphalt roads,Daylight,Normal,Vehicle with vehicle collision,Going straight,Not a Pedestrian,Moving Backward,2
31-50,Male,Junior high school,Employee,Above 10yr,Undivided Two way,No junction,Asphalt roads,Daylight,Normal,Collision with roadside objects,Going straight,"In carriageway, statioNot a Pedestrianry - not crossing  (standing or playing) - masked by parked or statioNot a Pedestrianry vehicle",Getting off the vehicle improperly,2
18-30,Male,Elementary school,Employee,Below 1yr,Two-way (divided with broken lines road marking),No junction,Asphalt roads,Daylight,Normal,Vehicle with vehicle collision,Turnover,Not a Pedestrian,Overtaking,2
18-30,Male,Elementary school,Employee,5-10yr,Two-way (divided with broken lines road marking),No junction,Asphalt roads,Daylight,Normal,Vehicle with vehicle collision,Moving Backward,Not a Pedestrian,Overloading,2
18-30,Male,Elementary school,Owner,5-10yr,Two-way (divided with broken lines road marking),No junction,Earth roads,Daylight,Normal,Vehicle with vehicle collision,Going straight,Not a Pedestrian,Changing lane to the right,2
31-50,Male,Elementary school,Employee,2-5yr,Two-way (divided with broken lines road marking),No junction,Asphalt roads,Daylight,Normal,Collision with roadside objects,Going straight,Not a Pedestrian,Improper parking,2
18-30,Unknown,Elementary school,Employee,Above 10yr,other,Crossing,Asphalt roads,Daylight,Raining,Vehicle with vehicle collision,Going straight,Not a Pedestrian,Other,2
18-30,Male,Elementary school,Employee,2-5yr,other,No junction,Asphalt roads,Daylight,Normal,Vehicle with vehicle collision,Reversing,Not a Pedestrian,Changing lane to the left,1
31-50,Male,Junior high school,Employee,Above 10yr,Two-way (divided with broken lines road marking),Crossing,Asphalt roads,Daylight,Normal,Vehicle with vehicle collision,Going straight,Not a Pedestrian,Changing lane to the right,2
31-50,Male,Junior high school,Employee,Below 1yr,Undivided Two way,Crossing,Asphalt roads,Daylight,Normal,Vehicle with vehicle collision,Going straight,Not a Pedestrian,No priority to pedestrian,2
31-50,Male,Junior high school,Employee,2-5yr,other,Crossing,Asphalt roads,Daylight,Normal,Collision with roadside objects,Going straight,"In carriageway, statioNot a Pedestrianry - not crossing  (standing or playing)",Overspeed,2
31-50,Male,Elementary school,Employee,5-10yr,other,Crossing,Asphalt roads,Daylight,Normal,Vehicle with vehicle collision,Parked,Unknown or other,Changing lane to the left,2
31-50,Male,Elementary school,Employee,5-10yr,Undivided Two way,Crossing,Asphalt roads,Daylight,Normal,Vehicle with vehicle collision,Going straight,Not a Pedestrian,No priority to vehicle,2
18-30,Male,Elementary school,Employee,1-2yr,other,Crossing,Other,Daylight,Normal,Vehicle with vehicle collision,Going straight,Not a Pedestrian,Changing lane to the right,2
31-50,Male,Elementary school,Employee,Unknown,Undivided Two way,Y Shape,Asphalt roads,Daylight,Normal,Vehicle with vehicle collision,Unknown,Not a Pedestrian,No distancing,2
18-30,Male,Junior high school,Employee,1-2yr,Undivided Two way,Y Shape,Asphalt roads,Daylight,Normal,Vehicle with vehicle collision,Going straight,Not a Pedestrian,No priority to pedestrian,2
18-30,Male,Unknown,Employee,5-10yr,Double carriageway (median),Crossing,Asphalt roads,Daylight,Normal,Collision with pedestrians,Going straight,Not a Pedestrian,No distancing,1
31-50,Male,Elementary school,Owner,1-2yr,other,Crossing,Asphalt roads,Daylight,Normal,Vehicle with vehicle collision,Stopping,Not a Pedestrian,No priority to vehicle,1
18-30,Male,Junior high school,Employee,5-10yr,Two-way (divided with broken lines road marking),No junction,Asphalt roads,Daylight,Normal,Vehicle with vehicle collision,Going straight,Not a Pedestrian,Other,2
31-50,Male,Junior high school,Employee,2-5yr,other,No junction,Asphalt roads,Daylight,Normal,Collision with roadside objects,Overtaking,Unknown or other,Driving carelessly,2
18-30,Male,Junior high school,Employee,2-5yr,other,Crossing,Asphalt roads,Daylight,Raining,Vehicle with vehicle collision,Going straight,Not a Pedestrian,Changing lane to the left,2
Under 18,Male,Junior high school,Employee,5-10yr,Two-way (divided with broken lines road marking),Crossing,Earth roads,Daylight,Raining,Vehicle with vehicle collision,Reversing,Not a Pedestrian,Driving carelessly,2
18-30,Male,Junior high school,Owner,Below 1yr,other,No junction,Asphalt roads,Darkness - no lighting,Normal,Collision with pedestrians,Going straight,Not a Pedestrian,Changing lane to the left,1
18-30,Male,High school,Employee,Below 1yr,Undivided Two way,No junction,Asphalt roads,Darkness - no lighting,Normal,Vehicle with vehicle collision,Going straight,Not a Pedestrian,No priority to vehicle,1
18-30,Male,Junior high school,Employee,Unknown,Undivided Two way,Crossing,Asphalt roads,Daylight,Normal,Vehicle with vehicle collision,Unknown,Not a Pedestrian,No distancing,2
Over 51,Male,Junior high school,Employee,Below 1yr,Two-way (divided with broken lines road marking),Crossing,Asphalt roads,Daylight,Normal,Collision with pedestrians,Going straight,"In carriageway, statioNot a Pedestrianry - not crossing  (standing or playing)",Changing lane to the right,2
18-30,Male,Junior high school,Employee,2-5yr,Undivided Two way,Crossing,Asphalt roads,Daylight,Normal,Collision with pedestrians,Moving Backward,Not a Pedestrian,Changing lane to the right,2
Over 51,Male,Junior high school,Employee,2-5yr,Double carriageway (median),No junction,Asphalt roads,Daylight,Normal,Collision with pedestrians,Going straight,Not a Pedestrian,Driving at high speed,2
Over 51,Female,Junior high school,Employee,5-10yr,other,No junction,Asphalt roads,Daylight,Normal,Collision with roadside objects,Moving Backward,Unknown or other,No distancing,2
Over 51,Male,Elementary school,Employee,5-10yr,Two-way (divided with broken lines road marking),Y Shape,Asphalt roads,Daylight,Other,Vehicle with vehicle collision,Going straight,Not a Pedestrian,Changing lane to the right,2
Over 51,Male,Unknown,Owner,5-10yr,Two-way (divided with broken lines road marking),Y Shape,Asphalt roads,Daylight,Other,Vehicle with vehicle collision,Going straight,Not a Pedestrian,Changing lane to the left,2
Under 18,Male,Junior high school,Employee,5-10yr,Undivided Two way,Y Shape,Asphalt roads,Daylight,Other,Vehicle with vehicle collision,Unknown,Not a Pedestrian,Getting off the vehicle improperly,2
Under 18,Male,Junior high school,Owner,5-10yr,Undivided Two way,Y Shape,Asphalt roads,Daylight,Other,Vehicle with vehicle collision,Going straight,Not a Pedestrian,Other,2
Unknown,Female,Illiterate,Employee,2-5yr,Undivided Two way,Y Shape,Asphalt roads,Daylight,Normal,Vehicle with vehicle collision,Going straight,Not a Pedestrian,Other,2
18-30,Male,Junior high school,Employee,5-10yr,Two-way (divided with broken lines road marking),Y Shape,Asphalt roads,Daylight,Normal,Vehicle with vehicle collision,Going straight,Not a Pedestrian,No distancing,2
18-30,Male,Junior high school,Employee,Below 1yr,other,Y Shape,Asphalt roads,Darkness - lights lit,Normal,Collision with pedestrians,Turnover,Not a Pedestrian,No priority to vehicle,1
Under 18,Male,Junior high school,Employee,1-2yr,Unknown,Y Shape,Asphalt roads,Darkness - lights lit,Normal,Collision with roadside objects,Going straight,Not a Pedestrian,Overtaking,1
Over 51,Male,Elementary school,Employee,2-5yr,Double carriageway (median),O Shape,Earth roads,Daylight,Normal,Vehicle with vehicle collision,Going straight,Not a Pedestrian,No priority to pedestrian,1
Over 51,Male,Elementary school,Employee,2-5yr,Two-way (divided with broken lines road marking),O Shape,Asphalt roads,Daylight,Normal,Vehicle with vehicle collision,Going straight,Not a Pedestrian,No distancing,1
31-50,Male,Elementary school,Employee,5-10yr,Two-way (divided with broken lines road marking),Y Shape,Unknown,Daylight,Normal,Vehicle with vehicle collision,Reversing,Not a Pedestrian,Changing lane to the right,2
Under 18,Male,Junior high school,Employee,5-10yr,Two-way (divided with broken lines road marking),Y Shape,Asphalt roads,Daylight,Normal,Vehicle with vehicle collision,Getting off,Not a Pedestrian,Driving carelessly,2
18-30,Male,Unknown,Unknown,Unknown,Unknown,Crossing,Asphalt roads,Daylight,Normal,With Train,Going straight,Not a Pedestrian,Changing lane to the right,2
31-50,Male,Junior high school,Employee,Above 10yr,Two-way (divided with broken lines road marking),Crossing,Asphalt roads,Daylight,Normal,Vehicle with vehicle collision,Getting off,Not a Pedestrian,Overtaking,2
31-50,Male,Junior high school,Employee,Above 10yr,Double carriageway (median),Y Shape,Asphalt roads,Daylight,Normal,Vehicle with vehicle collision,Going straight,Not a Pedestrian,Other,2
31-50,Male,Junior high school,Owner,Above 10yr,Two-way (divided with broken lines road marking),Y Shape,Asphalt roads,Daylight,Normal,Vehicle with vehicle collision,Going straight,Not a Pedestrian,Driving to the left,2
31-50,Male,Junior high school,Employee,unknown,Undivided Two way,Y Shape,Asphalt roads,Daylight,Normal,Vehicle with vehicle collision,Going straight,Not a Pedestrian,Driving at high speed,2
Over 51,Male,Junior high school,Employee,5-10yr,Two-way (divided with broken lines road marking),Y Shape,Asphalt roads,Daylight,Normal,Vehicle with vehicle collision,Going straight,Not a Pedestrian,Unknown,2
31-50,Male,Junior high school,Employee,2-5yr,Unknown,Crossing,Asphalt roads,Daylight,Normal,Vehicle with vehicle collision,Going straight,Not a Pedestrian,Changing lane to the right,2
31-50,Male,Elementary school,Employee,5-10yr,Two-way (divided with broken lines road marking),Crossing,Asphalt roads,Daylight,Normal,Vehicle with vehicle collision,Going straight,Not a Pedestrian,No distancing,2