Age,sex,education,driverrelation,experience,lanes,junctype,roadtype,light,weather,collision,direction,pedestrian,cause,severity
31-50,Male,Junior high school,Owner,2-5yr,Double carriageway (median),No junction,Asphalt roads,Daylight,Normal,Collision with roadside objects,Going straight,Not a Pedestrian,No distancing,2
31-50,Male,Unknown,Owner,5-10yr,Double carriageway (median),O Shape,Asphalt roads,Daylight,Raining,Vehicle with vehicle collision,Going straight,Not a Pedestrian,Turnover,2
Under 18,Male,Unknown,Owner,Above 10yr,Double carriageway (median),O Shape,Asphalt roads,Daylight,Raining,Vehicle with vehicle collision,Going straight,Not a Pedestrian,No distancing,2
31-50,Male,Junior high school,Owner,2-5yr,Two-way (divided with broken lines road marking),No junction,Asphalt roads,Daylight,Normal,Vehicle with vehicle collision,Moving Backward,Not a Pedestrian,Changing lane to the right,2
Over 51,Male,Elementary school,Owner,Above 10yr,Unknown,No junction,Asphalt roads,Daylight,Normal,Vehicle with vehicle collision,Going straight,Not a Pedestrian,No distancing,2
Over 51,Male,Writing & reading,Owner,5-10yr,One way,No junction,Gravel roads,Daylight,Normal,Vehicle with vehicle collision,Going straight,Not a Pedestrian,Changing lane to the left,2
Over 51,Male,Unknown,Owner,Unknown,Undivided Two way,No junction,Asphalt roads,Daylight,Normal,Rollover,Going straight,Not a Pedestrian,Driving carelessly,2
31-50,Male,Junior high school,Owner,5-10yr,Unknown,Crossing,Asphalt roads,Daylight,Normal,Vehicle with vehicle collision,Going straight,Not a Pedestrian,Changing lane to the right,2
31-50,Male,Junior high school,Owner,Below 1yr,Two-way (divided with broken lines road marking),Crossing,Asphalt roads,Daylight,Normal,Collision with roadside objects,Going straight,Not a Pedestrian,No priority to vehicle,2
18-30,Male,Junior high school,Owner,2-5yr,Two-way (divided with broken lines road marking),Crossing,Asphalt roads,Darkness - lights lit,Normal,Collision with pedestrians,Reversing,Not a Pedestrian,No distancing,2
Under 18,Male,Elementary school,Employee,2-5yr,Two-way (divided with broken lines road marking),Crossing,Asphalt roads,Darkness - lights lit,Normal,Vehicle with vehicle collision,Going straight,Not a Pedestrian,No priority to pedestrian,2
31-50,Male,Junior high school,Employee,2-5yr,Two-way (divided with broken lines road marking),Crossing,Asphalt roads,Daylight,Normal,Vehicle with vehicle collision,Going straight,Not a Pedestrian,No priority to pedestrian,2
Over 51,Male,Junior high school,Employee,2-5yr,Undivided Two way,Crossing,Asphalt roads,Daylight,Normal,Vehicle with vehicle collision,Going straight,Not a Pedestrian,No priority to vehicle,2
18-30,Male,Junior high school,Employee,5-10yr,Undivided Two way,Y Shape,Asphalt roads,Daylight,Normal,Vehicle with vehicle collision,Going straight,Not a Pedestrian,Changing lane to the left,2
18-30,Male,Junior high school,Employee,5-10yr,Two-way (divided with broken lines road marking),Y Shape,Asphalt roads,Daylight,Normal,Vehicle with vehicle collision,Going straight,Not a Pedestrian,Changing lane to the left,2
18-30,Male,Junior high school,Employee,Above 10yr,Two-way (divided with broken lines road marking),Other,Asphalt roads with some distress,Daylight,Normal,Vehicle with vehicle collision,Going straight,Not a Pedestrian,No distancing,2
18-30,Male,Elementary school,Employee,5-10yr,Two-way (divided with broken lines road marking),Other,Asphalt roads,Daylight,Normal,Vehicle with vehicle collision,Going straight,Not a Pedestrian,No priority to vehicle,2
18-30,Male,Junior high school,Employee,5-10yr,Undivided Two way,Y Shape,Asphalt roads,Daylight,Normal,Collision with roadside objects,Going straight,Not a Pedestrian,No distancing,2
18-30,Male,Junior high school,Employee,Above 10yr,Double carriageway (median),Y Shape,Asphalt roads,Daylight,Normal,Rollover,Waiting to go,Not a Pedestrian,No distancing,2
Over 51,Male,Elementary school,Owner,Unknown,Two-way (divided with broken lines road marking),No junction,Asphalt roads,Darkness - lights lit,Normal,Vehicle with vehicle collision,Going straight,Not a Pedestrian,Changing lane to the right,1
31-50,Male,Junior high school,Owner,5-10yr,Undivided Two way,Y Shape,Asphalt roads,Darkness - lights lit,Normal,Collision with pedestrians,Going straight,Not a Pedestrian,Changing lane to the left,1
18-30,Unknown,Junior high school,Employee,5-10yr,other,No junction,Asphalt roads,Darkness - lights lit,Normal,Vehicle with vehicle collision,Going straight,Not a Pedestrian,No distancing,2
18-30,Male,Junior high school,Employee,Below 1yr,Undivided Two way,No junction,Asphalt roads,Darkness - lights lit,Normal,Vehicle with vehicle collision,Going straight,Not a Pedestrian,Overturning,2
31-50,Male,Unknown,Unknown,Unknown,Undivided Two way,No junction,Asphalt roads,Darkness - lights lit,Normal,Collision with pedestrians,Going straight,Not a Pedestrian,No priority to vehicle,2
18-30,Male,Junior high school,Employee,5-10yr,Undivided Two way,Crossing,Asphalt roads,Daylight,Normal,Collision with pedestrians,Going straight,Not a Pedestrian,Moving Backward,2
31-50,Male,Junior high school,Employee,5-10yr,One way,Crossing,Asphalt roads,Daylight,Normal,Vehicle with vehicle collision,Going straight,Not a Pedestrian,Driving under the influence of drugs,2
31-50,Male,Junior high school,Employee,Above 10yr,Undivided Two way,Y Shape,Asphalt roads,Daylight,Normal,Vehicle with vehicle collision,Going straight,Not a Pedestrian,Moving Backward,2
Unknown,Male,High school,Employee,Above 10yr,Undivided Two way,Y Shape,Asphalt roads,Daylight,Normal,Vehicle with vehicle collision,Going straight,Not a Pedestrian,Changing lane to the right,2
Unknown,Male,Junior high school,Employee,Above 10yr,Double carriageway (median),No junction,Asphalt roads,Daylight,Normal,Vehicle with vehicle collision,Going straight,Not a Pedestrian,Overspeed,1
Unknown,Male,Junior high school,Employee,Above 10yr,Two-way (divided with solid lines road marking),No junction,Asphalt roads,Daylight,Normal,Vehicle with vehicle collision,Going straight,Not a Pedestrian,Driving under the influence of drugs,2
18-30,Male,Junior high school,Employee,Above 10yr,other,Y Shape,Asphalt roads,Daylight,Normal,Collision with roadside objects,Going straight,Crossing from nearside - masked by parked or statioNot a Pedestrianry vehicle,Driving carelessly,2
Unknown,Female,Junior high school,Employee,Above 10yr,Undivided Two way,Y Shape,Asphalt roads,Daylight,Normal,Vehicle with vehicle collision,Going straight,Crossing from nearside - masked by parked or statioNot a Pedestrianry vehicle,No distancing,2
31-50,Male,Junior high school,Employee,5-10yr,other,Y Shape,Asphalt roads,Darkness - lights lit,Normal,Vehicle with vehicle collision,Turnover,Not a Pedestrian,No priority to vehicle,2
Unknown,Male,Junior high school,Employee,2-5yr,other,Y Shape,Asphalt roads,Daylight,Normal,Vehicle with vehicle collision,Reversing,Not a Pedestrian,Overspeed,1
31-50,Male,Junior high school,Employee,Below 1yr,other,Y Shape,Asphalt roads,Darkness - lights lit,Normal,Vehicle with vehicle collision,Moving Backward,Not a Pedestrian,Driving under the influence of drugs,2
18-30,Male,Junior high school,Employee,Below 1yr,other,Y Shape,Asphalt roads,Darkness - lights lit,Normal,Vehicle with vehicle collision,Going straight,Not a Pedestrian,Changing lane to the right,2
Unknown,Male,Junior high school,Employee,2-5yr,One way,Y Shape,Asphalt roads,Darkness - lights lit,Normal,Vehicle with vehicle collision,Moving Backward,Not a Pedestrian,Changing lane to the right,2
18-30,Male,Elementary school,Employee,Below 1yr,Two-way (divided with broken lines road marking),Y Shape,Asphalt roads,Daylight,Normal,Vehicle with vehicle collision,Going straight,Not a Pedestrian,Changing lane to the right,2
Over 51,Male,Junior high school,Employee,Below 1yr,other,Y Shape,Asphalt roads,Daylight,Normal,Vehicle with vehicle collision,Going straight,Not a Pedestrian,Changing lane to the right,2
18-30,Male,Junior high school,Employee,Unknown,Undivided Two way,Crossing,Asphalt roads,Darkness - lights lit,Normal,Vehicle with vehicle collision,Going straight,Not a Pedestrian,Moving Backward,2
18-30,Male,Unknown,Employee,5-10yr,Two-way (divided with broken lines road marking),Crossing,Asphalt roads,Darkness - lights lit,Normal,Vehicle with vehicle collision,Going straight,Not a Pedestrian,No distancing,2
31-50,Male,Writing & reading,Employee,Below 1yr,Two-way (divided with broken lines road marking),No junction,Asphalt roads,Daylight,Normal,Vehicle with vehicle collision,Going straight,Not a Pedestrian,Overspeed,2
31-50,Male,Junior high school,Employee,Below 1yr,Two-way (divided with broken lines road marking),No junction,Asphalt roads,Daylight,Normal,Vehicle with vehicle collision,Unknown,Not a Pedestrian,No distancing,2
Under 18,Male,Junior high school,Employee,1-2yr,Unknown,Crossing,Asphalt roads,Daylight,Normal,Vehicle with vehicle collision,Going straight,Not a Pedestrian,Driving carelessly,2
Unknown,Male,Elementary school,Employee,Above 10yr,Undivided Two way,Crossing,Asphalt roads,Daylight,Normal,Vehicle with vehicle collision,Unknown,Not a Pedestrian,No distancing,2
18-30,Male,Elementary school,Employee,Above 10yr,Two-way (divided with broken lines road marking),No junction,Asphalt roads,Darkness - lights lit,Normal,Vehicle with vehicle collision,Going straight,Not a Pedestrian,No distancing,2
Unknown,Female,Elementary school,Employee,Below 1yr,Two-way (divided with broken lines road marking),No junction,Asphalt roads,Daylight,Normal,Collision with roadside objects,Moving Backward,Not a Pedestrian,No distancing,2
18-30,Male,High school,Employee,2-5yr,Two-way (divided with broken lines road marking),No junction,Asphalt roads,Daylight,Normal,Vehicle with vehicle collision,Going straight,Not a Pedestrian,Changing lane to the right,2
Over 51,Male,Junior high school,Employee,2-5yr,Two-way (divided with broken lines road marking),No junction,Asphalt roads,Daylight,Normal,Vehicle with vehicle collision,Going straight,Not a Pedestrian,No distancing,2
Unknown,Male,Above high school,Employee,Above 10yr,Two-way (divided with broken lines road marking),Y Shape,Asphalt roads,Daylight,Normal,Vehicle with vehicle collision,Moving Backward,Not a Pedestrian,No priority to vehicle,2
31-50,Male,Junior high school,Employee,2-5yr,Undivided Two way,Y Shape,Asphalt roads,Daylight,Normal,Vehicle with vehicle collision,Going straight,Not a Pedestrian,Changing lane to the left,2
Unknown,Male,Junior high school,Employee,2-5yr,Two-way (divided with broken lines road marking),Y Shape,Asphalt roads,Daylight,Normal,Collision with pedestrians,Turnover,Not a Pedestrian,Moving Backward,2
31-50,Male,High school,Employee,1-2yr,Undivided Two way,No junction,Asphalt roads,Daylight,Normal,Vehicle with vehicle collision,Going straight,Not a Pedestrian,Driving carelessly,2
Over 51,Male,Junior high school,Employee,5-10yr,Undivided Two way,No junction,Asphalt roads,Daylight,Normal,Vehicle with vehicle collision,Going straight,Not a Pedestrian,Changing lane to the left,2
Under 18,Male,Junior high school,Employee,Below 1yr,Undivided Two way,O Shape,Asphalt roads,Daylight,Normal,Vehicle with vehicle collision,Unknown,Not a Pedestrian,No priority to pedestrian,2
Over 51,Male,Junior high school,Employee,Below 1yr,Undivided Two way,O Shape,Asphalt roads,Daylight,Normal,Vehicle with vehicle collision,Going straight,Crossing from nearside - masked by parked or statioNot a Pedestrianry vehicle,No distancing,2
18-30,Male,Elementary school,Employee,Unknown,Undivided Two way,No junction,Asphalt roads,Daylight,Normal,Vehicle with vehicle collision,Going straight,Not a Pedestrian,No distancing,2
31-50,Male,Junior high school,Employee,Below 1yr,Two-way (divided with broken lines road marking),No junction,Asphalt roads,Daylight,Normal,Vehicle with vehicle collision,Going straight,Not a Pedestrian,Overturning,2
18-30,Male,Junior high school,Employee,1-2yr,Two-way (divided with broken lines road marking),O Shape,Asphalt roads,Daylight,Normal,Vehicle with vehicle collision,Going straight,Not a Pedestrian,No distancing,2
31-50,Male,Elementary school,Employee,2-5yr,Two-way (divided with broken lines road marking),O Shape,Asphalt roads,Daylight,Normal,Vehicle with vehicle collision,Reversing,Not a Pedestrian,Drunk driving,2
31-50,Male,High school,Employee,1-2yr,Undivided Two way,Y Shape,Asphalt roads,Darkness - lights lit,Normal,Collision with pedestrians,Going straight,Not a Pedestrian,Moving Backward,2
18-30,Male,Junior high school,Employee,5-10yr,Two-way (divided with broken lines road marking),Y Shape,Asphalt roads,Darkness - lights lit,Normal,Vehicle with vehicle collision,Moving Backward,Not a Pedestrian,No priority to pedestrian,2
18-30,Male,Junior high school,Employee,Below 1yr,Two-way (divided with broken lines road marking),Y Shape,Asphalt roads,Darkness - lights lit,Normal,Vehicle with vehicle collision,Going straight,Not a Pedestrian,Changing lane to the left,2
18-30,Male,High school,Employee,Above 10yr,Undivided Two way,Y Shape,Asphalt roads,Darkness - lights lit,Normal,Vehicle with vehicle collision,Going straight,Not a Pedestrian,Changing lane to the left,2
18-30,Male,Elementary school,Owner,5-10yr,other,Y Shape,Asphalt roads,Darkness - lights lit,Normal,Vehicle with vehicle collision,Going straight,Not a Pedestrian,Getting off the vehicle improperly,2
18-30,Male,Elementary school,Employee,Below 1yr,other,O Shape,Asphalt roads,Daylight,Normal,Collision with roadside objects,Going straight,Not a Pedestrian,No distancing,2
31-50,Male,Junior high school,Employee,5-10yr,Two-way (divided with broken lines road marking),O Shape,Asphalt roads,Daylight,Normal,Vehicle with vehicle collision,Going straight,Not a Pedestrian,Changing lane to the right,2
Unknown,Female,Elementary school,Owner,5-10yr,Two-way (divided with broken lines road marking),Y Shape,Asphalt roads,Darkness - lights lit,Normal,Vehicle with vehicle collision,Turnover,Not a Pedestrian,Changing lane to the right,2
31-50,Male,Junior high school,Employee,2-5yr,other,Y Shape,Asphalt roads,Daylight,Normal,Vehicle with vehicle collision,Going straight,Not a Pedestrian,Moving Backward,2
18-30,Male,Junior high school,Employee,Above 10yr,Undivided Two way,Crossing,Asphalt roads,Daylight,Normal,Vehicle with vehicle collision,Going straight,Not a Pedestrian,Driving at high speed,2
31-50,Male,Junior high school,Employee,5-10yr,other,No junction,Asphalt roads,Daylight,Normal,Vehicle with vehicle collision,Moving Backward,Crossing from driver's nearside,Changing lane to the left,2
Over 51,Unknown,High school,Employee,1-2yr,Two-way (divided with broken lines road marking),Crossing,Asphalt roads,Daylight,Normal,Vehicle with vehicle collision,Going straight,Not a Pedestrian,Changing lane to the right,2
31-50,Male,Elementary school,Employee,5-10yr,Two-way (divided with broken lines road marking),Crossing,Asphalt roads,Daylight,Normal,Vehicle with vehicle collision,Going straight,Not a Pedestrian,No distancing,2
31-50,Male,Elementary school,Employee,2-5yr,Two-way (divided with broken lines road marking),No junction,Asphalt roads,Darkness - lights lit,Raining,Collision with roadside objects,Going straight,Not a Pedestrian,Changing lane to the right,2
Over 51,Male,Junior high school,Employee,Below 1yr,Two-way (divided with broken lines road marking),No junction,Asphalt roads,Darkness - lights lit,Raining,Vehicle with vehicle collision,Other,Not a Pedestrian,Changing lane to the right,2
18-30,Male,Junior high school,Employee,Below 1yr,Two-way (divided with broken lines road marking),Crossing,Asphalt roads,Daylight,Raining,Vehicle with vehicle collision,Going straight,Not a Pedestrian,No distancing,2
31-50,Male,Junior high school,Employee,5-10yr,Undivided Two way,Crossing,Asphalt roads,Daylight,Raining,Vehicle with vehicle collision,Going straight,Not a Pedestrian,Changing lane to the right,2
31-50,Male,Junior high school,Owner,5-10yr,Undivided Two way,Y Shape,Asphalt roads,Daylight,Normal,Vehicle with vehicle collision,Going straight,Not a Pedestrian,Driving carelessly,2
18-30,Male,Elementary school,Employee,1-2yr,Double carriageway (median),Y Shape,Asphalt roads,Daylight,Normal,Rollover,Reversing,Not a Pedestrian,Driving carelessly,2
18-30,Male,Junior high school,Employee,Unknown,Two-way (divided with broken lines road marking),Y Shape,Asphalt roads,Darkness - lights lit,Normal,Vehicle with vehicle collision,Going straight,Not a Pedestrian,Changing lane to the right,2
31-50,Male,Elementary school,Employee,Above 10yr,Unknown,Y Shape,Asphalt roads with some distress,Darkness - lights lit,Normal,Vehicle with vehicle collision,Going straight,Not a Pedestrian,Overturning,2
31-50,Male,Junior high school,Owner,1-2yr,Undivided Two way,No junction,Asphalt roads,Daylight,Normal,Collision with roadside objects,Other,Not a Pedestrian,Changing lane to the right,2
31-50,Male,Unknown,Unknown,Unknown,Two-way (divided with broken lines road marking),No junction,Asphalt roads,Daylight,Normal,Vehicle with vehicle collision,Entering a junction,Not a Pedestrian,Moving Backward,2
Unknown,Female,Junior high school,Employee,Above 10yr,Undivided Two way,No junction,Asphalt roads,Daylight,Normal,Vehicle with vehicle collision,Turnover,Not a Pedestrian,No distancing,2
31-50,Male,Elementary school,Owner,2-5yr,other,No junction,Asphalt roads,Daylight,Normal,Vehicle with vehicle collision,Going straight,Not a Pedestrian,Overturning,2
31-50,Male,Junior high school,Employee,5-10yr,Two-way (divided with broken lines road marking),No junction,Gravel roads,Daylight,Normal,Collision with roadside objects,Going straight,Not a Pedestrian,Driving carelessly,2
31-50,Male,Junior high school,Employee,Below 1yr,Double carriageway (median),Y Shape,Asphalt roads,Darkness - lights lit,Normal,Collision with roadside objects,Going straight,Not a Pedestrian,Changing lane to the right,2
18-30,Male,Junior high school,Employee,5-10yr,Double carriageway (median),Y Shape,Asphalt roads,Darkness - lights lit,Normal,Vehicle with vehicle collision,Going straight,Not a Pedestrian,Driving at high speed,2
31-50,Male,High school,Employee,Above 10yr,Two-way (divided with broken lines road marking),Crossing,Asphalt roads,Darkness - lights lit,Normal,Vehicle with vehicle collision,Going straight,Not a Pedestrian,Changing lane to the left,2
18-30,Male,Junior high school,Employee,5-10yr,Two-way (divided with broken lines road marking),Crossing,Asphalt roads,Darkness - lights lit,Normal,Collision with roadside objects,Going straight,Not a Pedestrian,Driving carelessly,2
18-30,Male,Elementary school,Employee,1-2yr,Two-way (divided with broken lines road marking),Y Shape,Asphalt roads,Daylight,Raining and Windy,Collision with roadside objects,Going straight,Not a Pedestrian,No distancing,2
31-50,Male,Junior high school,Employee,Unknown,Two-way (divided with broken lines road marking),Y Shape,Asphalt roads,Daylight,Raining and Windy,Vehicle with vehicle collision,Going straight,Not a Pedestrian,Moving Backward,2
31-50,Male,Elementary school,Employee,1-2yr,Two-way (divided with broken lines road marking),Y Shape,Asphalt roads,Darkness - lights lit,Normal,Vehicle with vehicle collision,Getting off,Not a Pedestrian,No priority to pedestrian,2
31-50,Male,Junior high school,Owner,1-2yr,One way,Y Shape,Asphalt roads,Darkness - lights lit,Normal,Vehicle with vehicle collision,Getting off,Not a Pedestrian,Moving Backward,2
31-50,Male,Above high school,Owner,1-2yr,Undivided Two way,Crossing,Asphalt roads,Darkness - lights lit,Normal,Collision with roadside objects,Getting off,Not a Pedestrian,Changing lane to the right,2
18-30,Male,Junior high school,Owner,5-10yr,other,Crossing,Asphalt roads,Darkness - lights lit,Normal,Vehicle with vehicle collision,Moving Backward,Not a Pedestrian,No distancing,2
31-50,Male,Junior high school,Employee,5-10yr,Two-way (divided with broken lines road marking),Crossing,Asphalt roads,Darkness - lights lit,Normal,Vehicle with vehicle collision,Going straight,Not a Pedestrian,Drunk driving,2
18-30,Male,Elementary school,Employee,5-10yr,Undivided Two way,Crossing,Asphalt roads,Darkness - lights lit,Normal,Vehicle with vehicle collision,Going straight,Not a Pedestrian,Changing lane to the right,2
18-30,Male,High school,Owner,Below 1yr,Undivided Two way,Crossing,Asphalt roads,Darkness - lights lit,Normal,Rollover,Waiting to go,Not a Pedestrian,Driving carelessly,2
18-30,Male,Junior high school,Employee,Above 10yr,Undivided Two way,Crossing,Asphalt roads,Darkness - lights lit,Normal,Vehicle with vehicle collision,Going straight,Not a Pedestrian,Driving to the left,2
18-30,Male,Junior high school,Employee,5-10yr,Undivided Two way,Crossing,Asphalt roads,Daylight,Windy,Vehicle with vehicle collision,Other,Not a Pedestrian,Changing lane to the right,2
Under 18,Male,Junior high school,Employee,Below 1yr,Two-way (divided with broken lines road marking),Crossing,Asphalt roads,Darkness - lights lit,Normal,Collision with pedestrians,Going straight,Not a Pedestrian,Changing lane to the right,1
31-50,Male,Junior high school,Employee,Above 10yr,Double carriageway (median),Crossing,Asphalt roads,Darkness - lights lit,Normal,Vehicle with vehicle collision,Going straight,Unknown or other,Driving carelessly,1
18-30,Male,Junior high school,Employee,5-10yr,Two-way (divided with broken lines road marking),Y Shape,Asphalt roads,Daylight,Normal,Vehicle with vehicle collision,Going straight,Not a Pedestrian,Changing lane to the left,2
18-30,Male,Junior high school,Owner,Above 10yr,One way,Y Shape,Asphalt roads,Daylight,Normal,Vehicle with vehicle collision,Going straight,Not a Pedestrian,No priority to vehicle,2
18-30,Male,Junior high school,Employee,5-10yr,Two-way (divided with broken lines road marking),Y Shape,Asphalt roads,Darkness - lights lit,Normal,Vehicle with vehicle collision,Overtaking,Not a Pedestrian,Driving carelessly,2
31-50,Male,Junior high school,Employee,1-2yr,Two-way (divided with broken lines road marking),Y Shape,Earth roads,Darkness - lights lit,Normal,Collision with roadside objects,Going straight,Not a Pedestrian,Changing lane to the right,2
Unknown,Male,Junior high school,Employee,1-2yr,Two-way (divided with broken lines road marking),Y Shape,Asphalt roads,Daylight,Normal,Vehicle with vehicle collision,Going straight,Crossing from nearside - masked by parked or statioNot a Pedestrianry vehicle,Driving carelessly,2
31-50,Male,Junior high school,Employee,1-2yr,Two-way (divided with broken lines road marking),Y Shape,Asphalt roads,Daylight,Normal,Vehicle with vehicle collision,Going straight,Not a Pedestrian,Driving under the influence of drugs,2
Unknown,Male,High school,Employee,2-5yr,Undivided Two way,No junction,Asphalt roads,Daylight,Normal,Vehicle with vehicle collision,Turnover,Not a Pedestrian,No distancing,2
31-50,Male,High school,Owner,Above 10yr,Double carriageway (median),No junction,Asphalt roads,Daylight,Normal,Vehicle with vehicle collision,Going straight,Not a Pedestrian,Changing lane to the left,2
18-30,Male,Elementary school,Employee,2-5yr,One way,Y Shape,Asphalt roads,Darkness - lights lit,Normal,Collision with roadside objects,Going straight,Not a Pedestrian,No priority to vehicle,2
31-50,Male,Junior high school,Employee,Above 10yr,Two-way (divided with broken lines road marking),Crossing,Asphalt roads,Daylight,Normal,Vehicle with vehicle collision,Getting off,Not a Pedestrian,Moving Backward,2
Over 51,Male,High school,Employee,2-5yr,Undivided Two way,Crossing,Asphalt roads,Daylight,Normal,Collision with roadside objects,Moving Backward,Not a Pedestrian,Moving Backward,2
31-50,Male,Junior high school,Other,No Licence,Two-way (divided with broken lines road marking),No junction,Asphalt roads,Daylight,Normal,Vehicle with vehicle collision,Getting off,Not a Pedestrian,No distancing,2
31-50,Male,Junior high school,Employee,1-2yr,Undivided Two way,No junction,Asphalt roads,Daylight,Normal,Rollover,Overtaking,Not a Pedestrian,Changing lane to the right,2
31-50,Male,Junior high school,Owner,5-10yr,Two-way (divided with broken lines road marking),No junction,Asphalt roads with some distress,Daylight,Normal,Vehicle with vehicle collision,Going straight,Not a Pedestrian,Changing lane to the right,2
31-50,Male,Junior high school,Employee,1-2yr,Undivided Two way,No junction,Asphalt roads,Daylight,Normal,Vehicle with vehicle collision,Going straight,Not a Pedestrian,Moving Backward,2
31-50,Male,Junior high school,Employee,Above 10yr,One way,No junction,Asphalt roads,Daylight,Normal,Vehicle with vehicle collision,Going straight,Not a Pedestrian,Driving carelessly,2
Unknown,Male,Junior high school,Employee,1-2yr,Two-way (divided with broken lines road marking),No junction,Asphalt roads,Daylight,Normal,Vehicle with vehicle collision,Reversing,Not a Pedestrian,Driving under the influence of drugs,2
31-50,Male,Junior high school,Employee,1-2yr,Double carriageway (median),O Shape,Asphalt roads,Daylight,Normal,Vehicle with vehicle collision,Getting off,Not a Pedestrian,No distancing,2
31-50,Male,Junior high school,Employee,2-5yr,Undivided Two way,O Shape,Asphalt roads,Daylight,Normal,Collision with pedestrians,Going straight,Not a Pedestrian,No distancing,2
18-30,Male,High school,Employee,1-2yr,Undivided Two way,Y Shape,Asphalt roads,Daylight,Normal,Rollover,Going straight,Not a Pedestrian,No priority to vehicle,2
Unknown,Female,Junior high school,Employee,1-2yr,Undivided Two way,Y Shape,Asphalt roads,Daylight,Normal,Vehicle with vehicle collision,Going straight,Not a Pedestrian,Driving to the left,2
31-50,Male,Elementary school,Employee,Above 10yr,other,Y Shape,Asphalt roads,Daylight,Normal,Rollover,Reversing,Not a Pedestrian,No priority to vehicle,2
Over 51,Male,Junior high school,Employee,Above 10yr,Undivided Two way,Y Shape,Asphalt roads,Daylight,Normal,Vehicle with vehicle collision,Going straight,Not a Pedestrian,No priority to vehicle,2
31-50,Male,Elementary school,Employee,Above 10yr,Undivided Two way,Y Shape,Asphalt roads,Daylight,Raining,Vehicle with vehicle collision,Stopping,Not a Pedestrian,No priority to vehicle,2
18-30,Male,Junior high school,Employee,Above 10yr,Undivided Two way,No junction,Asphalt roads,Daylight,Normal,Vehicle with vehicle collision,Overtaking,Not a Pedestrian,No distancing,2
18-30,Male,Junior high school,Employee,1-2yr,Undivided Two way,No junction,Asphalt roads,Daylight,Normal,Fall from vehicles,Going straight,Not a Pedestrian,Moving Backward,2
31-50,Male,Junior high school,Employee,5-10yr,Two-way (divided with broken lines road marking),No junction,Asphalt roads,Daylight,Normal,Vehicle with vehicle collision,Reversing,Not a Pedestrian,Changing lane to the right,2
31-50,Male,High school,Owner,2-5yr,Two-way (divided with broken lines road marking),Y Shape,Asphalt roads,Daylight,Normal,Collision with roadside objects,Going straight,Not a Pedestrian,Driving carelessly,2
31-50,Male,Junior high school,Employee,2-5yr,Two-way (divided with broken lines road marking),Y Shape,Asphalt roads,Daylight,Normal,Vehicle with vehicle collision,Going straight,Crossing from nearside - masked by parked or statioNot a Pedestrianry vehicle,Changing lane to the left,2
31-50,Male,Junior high school,Employee,5-10yr,One way,Y Shape,Asphalt roads,Daylight,Normal,Vehicle with vehicle collision,Reversing,Not a Pedestrian,No distancing,2
31-50,Unknown,Junior high school,Employee,5-10yr,Two-way (divided with broken lines road marking),Y Shape,Asphalt roads,Daylight,Normal,Vehicle with vehicle collision,Going straight,Not a Pedestrian,Changing lane to the right,2
31-50,Male,Junior high school,Employee,2-5yr,Undivided Two way,Y Shape,Asphalt roads,Daylight,Normal,Collision with pedestrians,Waiting to go,Not a Pedestrian,Driving under the influence of drugs,2
18-30,Male,High school,Employee,Above 10yr,Unknown,O Shape,Unknown,Daylight,Normal,Vehicle with vehicle collision,Going straight,Not a Pedestrian,No distancing,2
18-30,Male,Elementary school,Employee,5-10yr,Undivided Two way,O Shape,Asphalt roads,Daylight,Normal,Vehicle with vehicle collision,Going straight,Not a Pedestrian,Overturning,2
31-50,Male,Junior high school,Employee,Above 10yr,Undivided Two way,No junction,Asphalt roads,Daylight,Normal,Vehicle with vehicle collision,Going straight,Not a Pedestrian,No distancing,2
31-50,Male,Writing & reading,Employee,2-5yr,other,No junction,Asphalt roads,Daylight,Normal,Rollover,Going straight,Not a Pedestrian,Changing lane to the right,2
31-50,Male,Junior high school,Employee,2-5yr,One way,No junction,Asphalt roads,Daylight,Windy,Collision with roadside objects,Getting off,Not a Pedestrian,No priority to vehicle,2
18-30,Male,High school,Employee,2-5yr,Two-way (divided with broken lines road marking),Crossing,Asphalt roads,Daylight,Normal,Vehicle with vehicle collision,Going straight,Not a Pedestrian,Changing lane to the right,2
18-30,Male,Junior high school,Employee,1-2yr,Two-way (divided with broken lines road marking),Crossing,Asphalt roads,Daylight,Normal,Vehicle with vehicle collision,Going straight,Unknown or other,Changing lane to the left,2
18-30,Male,High school,Employee,5-10yr,Undivided Two way,Crossing,Asphalt roads,Daylight,Normal,Collision with roadside objects,Going straight,Not a Pedestrian,No distancing,2
Over 51,Male,Elementary school,Employee,2-5yr,Two-way (divided with broken lines road marking),Y Shape,Asphalt roads,Daylight,Normal,Vehicle with vehicle collision,Reversing,Not a Pedestrian,No priority to pedestrian,2
18-30,Male,Junior high school,Employee,1-2yr,Two-way (divided with broken lines road marking),Y Shape,Asphalt roads,Daylight,Normal,Vehicle with vehicle collision,Turnover,Not a Pedestrian,Driving carelessly,2
Unknown,Male,Elementary school,Employee,1-2yr,One way,No junction,Asphalt roads,Daylight,Normal,Vehicle with vehicle collision,Going straight,Not a Pedestrian,No distancing,2
Over 51,Male,High school,Employee,No Licence,Two-way (divided with broken lines road marking),Crossing,Asphalt roads,Darkness - lights lit,Normal,Rollover,Going straight,Not a Pedestrian,Driving carelessly,2