Age,sex,education,driverrelation,experience,lanes,junctype,roadtype,light,weather,collision,direction,pedestrian,cause,severity
Under 18,Male,Unknown,Unknown,5-10yr,Undivided Two way,No junction,Asphalt roads,Darkness - lights lit,Normal,Collision with pedestrians,Going straight,Not a Pedestrian,No priority to pedestrian,2
Unknown,Female,Junior high school,Employee,Above 10yr,Double carriageway (median),No junction,Asphalt roads,Daylight,Normal,Vehicle with vehicle collision,Going straight,Not a Pedestrian,Driving carelessly,2
18-30,Male,Junior high school,Employee,Above 10yr,other,No junction,Asphalt roads,Daylight,Normal,Vehicle with vehicle collision,Going straight,Not a Pedestrian,Changing lane to the right,2
18-30,Male,Elementary school,Employee,Below 1yr,Undivided Two way,No junction,Asphalt roads,Daylight,Normal,Collision with roadside objects,Going straight,Not a Pedestrian,Changing lane to the left,2
31-50,Male,Elementary school,Employee,5-10yr,One way,No junction,Asphalt roads,Daylight,Normal,Vehicle with vehicle collision,Going straight,Not a Pedestrian,Driving carelessly,2
31-50,Male,Elementary school,Owner,5-10yr,Undivided Two way,Crossing,Asphalt roads,Daylight,Unknown,Vehicle with vehicle collision,Going straight,Unknown or other,Driving carelessly,2
Under 18,Male,Elementary school,Employee,2-5yr,other,Crossing,Asphalt roads,Daylight,Unknown,Collision with pedestrians,Going straight,Not a Pedestrian,No distancing,2
18-30,Male,Elementary school,Employee,Above 10yr,other,Other,Asphalt roads,Daylight,Normal,Vehicle with vehicle collision,Going straight,Not a Pedestrian,Other,2
18-30,Male,Elementary school,Employee,2-5yr,One way,Other,Asphalt roads,Daylight,Normal,Vehicle with vehicle collision,Moving Backward,Not a Pedestrian,Changing lane to the right,2
Unknown,Male,Junior high school,Employee,Above 10yr,One way,O Shape,Asphalt roads,Daylight,Normal,Collision with pedestrians,Going straight,Not a Pedestrian,Changing lane to the right,2
18-30,Male,Junior high school,Employee,Below 1yr,Undivided Two way,O Shape,Asphalt roads,Daylight,Normal,Collision with pedestrians,Moving Backward,Not a Pedestrian,No distancing,2
Unknown,Male,Junior high school,Employee,2-5yr,other,Y Shape,Asphalt roads,Daylight,Normal,Collision with pedestrians,Moving Backward,Not a Pedestrian,No distancing,2
Unknown,Male,Elementary school,Employee,5-10yr,Undivided Two way,No junction,Asphalt roads,Daylight,Normal,Collision with roadside objects,Going straight,Not a Pedestrian,Overturning,2
18-30,Male,Elementary school,Employee,5-10yr,other,No junction,Asphalt roads,Daylight,Normal,Vehicle with vehicle collision,Going straight,Not a Pedestrian,Driving at high speed,2
31-50,Male,Elementary school,Employee,1-2yr,other,Crossing,Asphalt roads,Daylight,Normal,Vehicle with vehicle collision,Going straight,Not a Pedestrian,No priority to vehicle,1
18-30,Male,Elementary school,Employee,Unknown,Double carriageway (median),Crossing,Asphalt roads,Daylight,Normal,Vehicle with vehicle collision,Going straight,Not a Pedestrian,No priority to pedestrian,1
18-30,Male,Junior high school,Employee,1-2yr,Undivided Two way,Y Shape,Asphalt roads,Daylight,Normal,Vehicle with vehicle collision,Going straight,Not a Pedestrian,No priority to vehicle,0
31-50,Male,Unknown,Employee,5-10yr,other,Y Shape,Asphalt roads,Daylight,Normal,Vehicle with vehicle collision,Going straight,Not a Pedestrian,Other,0
31-50,Male,Elementary school,Owner,1-2yr,other,Y Shape,Asphalt roads,Daylight,Normal,Vehicle with vehicle collision,Unknown,Not a Pedestrian,Other,0
31-50,Male,Junior high school,Employee,5-10yr,Two-way (divided with solid lines road marking),Y Shape,Asphalt roads with some distress,Daylight,Normal,Collision with pedestrians,Other,Not a Pedestrian,Moving Backward,0
Under 18,Male,Junior high school,Employee,2-5yr,Undivided Two way,Y Shape,Asphalt roads,Daylight,Normal,Collision with roadside objects,Going straight,Not a Pedestrian,No distancing,1
18-30,Male,Junior high school,Employee,2-5yr,Undivided Two way,Y Shape,Asphalt roads,Daylight,Normal,Vehicle with vehicle collision,Unknown,Not a Pedestrian,Moving Backward,2
Over 51,Male,Junior high school,Employee,5-10yr,other,Y Shape,Asphalt roads,Daylight,Normal,Vehicle with vehicle collision,Overtaking,Not a Pedestrian,No priority to vehicle,2
31-50,Male,Junior high school,Owner,Below 1yr,Undivided Two way,Y Shape,Asphalt roads,Daylight,Normal,Vehicle with vehicle collision,Reversing,Not a Pedestrian,Driving carelessly,2
Over 51,Male,High school,Employee,Below 1yr,Undivided Two way,Y Shape,Gravel roads,Daylight,Normal,Vehicle with vehicle collision,Going straight,Not a Pedestrian,No distancing,2
Under 18,Male,Junior high school,Employee,Unknown,Double carriageway (median),Y Shape,Asphalt roads,Darkness - lights lit,Raining,With Train,Other,Not a Pedestrian,Other,2
Unknown,Male,Junior high school,Employee,Below 1yr,Undivided Two way,Y Shape,Asphalt roads,Darkness - lights lit,Raining,Vehicle with vehicle collision,Moving Backward,Not a Pedestrian,Changing lane to the right,2
31-50,Male,Junior high school,Employee,2-5yr,other,No junction,Asphalt roads,Daylight,Normal,Vehicle with vehicle collision,Going straight,Not a Pedestrian,No distancing,2
Unknown,Female,Junior high school,Employee,2-5yr,other,No junction,Asphalt roads,Daylight,Normal,Vehicle with vehicle collision,Other,Not a Pedestrian,Driving carelessly,2
Unknown,Male,Junior high school,Employee,5-10yr,other,Crossing,Asphalt roads,Darkness - lights lit,Normal,Vehicle with vehicle collision,Moving Backward,Not a Pedestrian,No distancing,2
31-50,Male,Elementary school,Employee,5-10yr,other,Crossing,Asphalt roads,Darkness - lights lit,Normal,Vehicle with vehicle collision,Going straight,Not a Pedestrian,No priority to vehicle,2
31-50,Male,Unknown,Owner,5-10yr,Undivided Two way,Crossing,Asphalt roads,Darkness - lights lit,Normal,Vehicle with vehicle collision,Going straight,Not a Pedestrian,Changing lane to the right,2
Over 51,Male,Junior high school,Employee,5-10yr,Two-way (divided with broken lines road marking),Y Shape,Asphalt roads,Daylight,Normal,Vehicle with vehicle collision,Moving Backward,Not a Pedestrian,No priority to pedestrian,2
31-50,Male,Junior high school,Owner,5-10yr,Two-way (divided with broken lines road marking),Y Shape,Asphalt roads,Daylight,Raining,Vehicle with vehicle collision,Going straight,Not a Pedestrian,No priority to vehicle,2
31-50,Male,Illiterate,Employee,2-5yr,Undivided Two way,Y Shape,Asphalt roads,Daylight,Raining,Vehicle with vehicle collision,Getting off,Not a Pedestrian,Changing lane to the left,2
18-30,Male,Junior high school,Employee,5-10yr,Undivided Two way,Crossing,Asphalt roads,Darkness - no lighting,Normal,Collision with pedestrians,Going straight,Not a Pedestrian,Turnover,2
18-30,Male,Junior high school,Employee,Below 1yr,Two-way (divided with broken lines road marking),Crossing,Asphalt roads,Darkness - no lighting,Normal,Collision with roadside objects,Going straight,Not a Pedestrian,Driving to the left,2
31-50,Male,Junior high school,Employee,1-2yr,Two-way (divided with broken lines road marking),Crossing,Asphalt roads,Darkness - no lighting,Normal,Collision with roadside objects,Moving Backward,Not a Pedestrian,Driving carelessly,2
18-30,Male,Elementary school,Employee,2-5yr,Undivided Two way,No junction,Asphalt roads,Daylight,Normal,Vehicle with vehicle collision,Going straight,Not a Pedestrian,Driving to the left,2
31-50,Male,Elementary school,Employee,2-5yr,Two-way (divided with broken lines road marking),No junction,Asphalt roads,Daylight,Normal,Vehicle with vehicle collision,Going straight,Not a Pedestrian,Driving carelessly,2
Unknown,Female,Elementary school,Employee,5-10yr,Undivided Two way,No junction,Asphalt roads,Daylight,Normal,Vehicle with vehicle collision,Going straight,Crossing from nearside - masked by parked or statioNot a Pedestrianry vehicle,No priority to pedestrian,2
Unknown,Unknown,Junior high school,Employee,5-10yr,Double carriageway (median),No junction,Asphalt roads,Daylight,Raining,Vehicle with vehicle collision,Going straight,Not a Pedestrian,Driving carelessly,2
31-50,Male,Unknown,Unknown,Unknown,Two-way (divided with broken lines road marking),No junction,Asphalt roads,Daylight,Raining,Vehicle with vehicle collision,Going straight,Not a Pedestrian,Changing lane to the right,2
Unknown,Male,Junior high school,Employee,Above 10yr,Two-way (divided with broken lines road marking),No junction,Asphalt roads,Daylight,Normal,Collision with roadside objects,Moving Backward,Not a Pedestrian,Moving Backward,2
31-50,Male,Junior high school,Employee,Above 10yr,Undivided Two way,No junction,Asphalt roads,Daylight,Normal,Vehicle with vehicle collision,Going straight,Not a Pedestrian,Driving carelessly,2
31-50,Male,Junior high school,Owner,Above 10yr,Two-way (divided with broken lines road marking),Unknown,Earth roads,Daylight,Normal,Vehicle with vehicle collision,Going straight,Not a Pedestrian,Changing lane to the right,2
18-30,Male,Junior high school,Employee,unknown,Double carriageway (median),No junction,Asphalt roads,Daylight,Normal,Vehicle with vehicle collision,Moving Backward,Not a Pedestrian,Driving carelessly,2
18-30,Male,Junior high school,Employee,5-10yr,Two-way (divided with broken lines road marking),No junction,Asphalt roads,Daylight,Normal,Vehicle with vehicle collision,Moving Backward,Not a Pedestrian,Driving carelessly,2
18-30,Male,Junior high school,Employee,2-5yr,Two-way (divided with broken lines road marking),No junction,Asphalt roads,Daylight,Normal,Vehicle with vehicle collision,Going straight,Not a Pedestrian,Driving carelessly,2
18-30,Male,Elementary school,Employee,5-10yr,Unknown,No junction,Asphalt roads,Daylight,Normal,Vehicle with vehicle collision,Going straight,Not a Pedestrian,Changing lane to the right,2
Over 51,Male,Junior high school,Employee,2-5yr,Double carriageway (median),Crossing,Asphalt roads,Daylight,Unknown,Collision with pedestrians,Going straight,Not a Pedestrian,Changing lane to the right,2
Under 18,Male,High school,Owner,5-10yr,Two-way (divided with broken lines road marking),Crossing,Asphalt roads,Daylight,Unknown,Collision with pedestrians,Going straight,Not a Pedestrian,Driving carelessly,2
31-50,Male,Junior high school,Employee,Above 10yr,Two-way (divided with broken lines road marking),No junction,Asphalt roads,Daylight,Normal,Collision with roadside objects,Going straight,Not a Pedestrian,Overtaking,2
Unknown,Male,Junior high school,Employee,2-5yr,One way,No junction,Asphalt roads,Daylight,Normal,Collision with pedestrians,Going straight,Not a Pedestrian,Changing lane to the right,2
18-30,Male,Elementary school,Employee,2-5yr,Undivided Two way,No junction,Asphalt roads,Daylight,Normal,Vehicle with vehicle collision,Going straight,Not a Pedestrian,No distancing,2
18-30,Male,High school,Owner,Above 10yr,Undivided Two way,No junction,Asphalt roads with some distress,Daylight,Normal,Vehicle with vehicle collision,Going straight,Not a Pedestrian,Other,2
31-50,Male,Elementary school,Employee,1-2yr,other,Y Shape,Asphalt roads,Daylight,Normal,Vehicle with vehicle collision,Going straight,Not a Pedestrian,Changing lane to the right,1
18-30,Male,Junior high school,Employee,Above 10yr,Two-way (divided with broken lines road marking),Y Shape,Asphalt roads,Daylight,Normal,Collision with roadside objects,Going straight,Not a Pedestrian,Changing lane to the right,1
18-30,Male,Unknown,Unknown,Unknown,Undivided Two way,Y Shape,Asphalt roads,Daylight,Normal,Collision with roadside objects,Other,Not a Pedestrian,Overtaking,1
18-30,Male,Junior high school,Owner,5-10yr,Two-way (divided with broken lines road marking),Y Shape,Asphalt roads,Daylight,Normal,Vehicle with vehicle collision,Going straight,Not a Pedestrian,Other,1
31-50,Male,Above high school,Employee,5-10yr,Double carriageway (median),Y Shape,Asphalt roads,Daylight,Normal,Vehicle with vehicle collision,Reversing,Not a Pedestrian,Driving to the left,2
Unknown,Male,Junior high school,Employee,5-10yr,Undivided Two way,Y Shape,Asphalt roads,Daylight,Normal,Vehicle with vehicle collision,Going straight,Not a Pedestrian,Overtaking,2
18-30,Male,Junior high school,Employee,Above 10yr,Undivided Two way,Y Shape,Asphalt roads,Daylight,Unknown,Vehicle with vehicle collision,Reversing,Not a Pedestrian,No priority to vehicle,2
Over 51,Male,Junior high school,Employee,1-2yr,Two-way (divided with broken lines road marking),Other,Asphalt roads,Daylight,Normal,Vehicle with vehicle collision,Going straight,Not a Pedestrian,Moving Backward,2
31-50,Male,Junior high school,Employee,2-5yr,Double carriageway (median),Other,Asphalt roads,Daylight,Normal,Vehicle with vehicle collision,Reversing,Not a Pedestrian,Other,2
Over 51,Male,Junior high school,Employee,Below 1yr,Undivided Two way,Y Shape,Asphalt roads,Daylight,Normal,Vehicle with vehicle collision,Unknown,Not a Pedestrian,No priority to vehicle,1
Over 51,Male,Junior high school,Employee,Above 10yr,other,Y Shape,Asphalt roads,Daylight,Normal,Vehicle with vehicle collision,Going straight,Not a Pedestrian,No priority to pedestrian,1
Over 51,Male,Junior high school,Employee,1-2yr,Two-way (divided with broken lines road marking),Y Shape,Asphalt roads,Daylight,Normal,Vehicle with vehicle collision,Reversing,Not a Pedestrian,Changing lane to the right,1
18-30,Male,Above high school,Employee,5-10yr,Undivided Two way,No junction,Asphalt roads,Daylight,Normal,Collision with roadside objects,Other,Not a Pedestrian,Changing lane to the right,2
18-30,Male,Junior high school,Employee,5-10yr,Undivided Two way,Y Shape,Asphalt roads,Daylight,Normal,Collision with roadside objects,Going straight,Not a Pedestrian,Changing lane to the right,2
Over 51,Male,Elementary school,Owner,Below 1yr,Double carriageway (median),Y Shape,Asphalt roads,Daylight,Normal,Collision with pedestrians,Going straight,Not a Pedestrian,Driving to the left,2
31-50,Male,Unknown,Unknown,Unknown,Undivided Two way,Crossing,Asphalt roads,Daylight,Normal,Vehicle with vehicle collision,Going straight,Not a Pedestrian,Changing lane to the left,2
Under 18,Male,Junior high school,Employee,Above 10yr,Undivided Two way,No junction,Asphalt roads,Daylight,Normal,Vehicle with vehicle collision,Moving Backward,Not a Pedestrian,Moving Backward,2
18-30,Male,Junior high school,Unknown,Unknown,other,Y Shape,Asphalt roads,Daylight,Raining,Vehicle with vehicle collision,Going straight,Not a Pedestrian,Driving at high speed,1
Unknown,Male,Junior high school,Employee,1-2yr,Two-way (divided with broken lines road marking),Y Shape,Unknown,Daylight,Normal,Vehicle with vehicle collision,Going straight,Not a Pedestrian,Moving Backward,2
31-50,Male,Junior high school,Owner,2-5yr,Two-way (divided with broken lines road marking),Y Shape,Asphalt roads,Daylight,Normal,Vehicle with vehicle collision,Going straight,Not a Pedestrian,No distancing,2
18-30,Male,Unknown,Employee,unknown,Undivided Two way,Crossing,Asphalt roads,Daylight,Normal,Vehicle with vehicle collision,Going straight,Not a Pedestrian,Other,2
Over 51,Male,Junior high school,Employee,Above 10yr,Double carriageway (median),Crossing,Asphalt roads,Daylight,Normal,Vehicle with vehicle collision,Other,Not a Pedestrian,No priority to vehicle,2
Over 51,Male,Junior high school,Owner,2-5yr,Double carriageway (median),Crossing,Asphalt roads,Daylight,Normal,Vehicle with vehicle collision,Unknown,Not a Pedestrian,Changing lane to the right,2
Over 51,Male,Junior high school,Employee,5-10yr,Two-way (divided with broken lines road marking),Y Shape,Asphalt roads,Daylight,Normal,Vehicle with vehicle collision,Going straight,Not a Pedestrian,Other,2
Under 18,Male,Junior high school,Employee,2-5yr,Two-way (divided with broken lines road marking),Y Shape,Asphalt roads,Daylight,Normal,Collision with pedestrians,Turnover,Not a Pedestrian,No distancing,2
18-30,Male,Junior high school,Employee,1-2yr,Two-way (divided with broken lines road marking),No junction,Asphalt roads,Daylight,Normal,Collision with pedestrians,Going straight,Not a Pedestrian,Driving carelessly,2
Unknown,Male,Junior high school,Employee,5-10yr,Two-way (divided with broken lines road marking),No junction,Asphalt roads,Daylight,Normal,Vehicle with vehicle collision,Moving Backward,Not a Pedestrian,No distancing,2
Over 51,Male,Junior high school,Employee,2-5yr,Double carriageway (median),Crossing,Asphalt roads,Darkness - lights lit,Normal,Vehicle with vehicle collision,Moving Backward,Not a Pedestrian,Moving Backward,2
18-30,Male,Elementary school,Employee,5-10yr,Double carriageway (median),Other,Asphalt roads,Daylight,Normal,Vehicle with vehicle collision,Going straight,Unknown or other,No distancing,1
18-30,Male,Above high school,Owner,5-10yr,Two-way (divided with broken lines road marking),Other,Asphalt roads,Daylight,Normal,Vehicle with vehicle collision,Other,Unknown or other,Moving Backward,1
31-50,Male,Junior high school,Employee,2-5yr,Two-way (divided with broken lines road marking),Y Shape,Asphalt roads,Darkness - lights lit,Normal,Vehicle with vehicle collision,Going straight,Not a Pedestrian,No priority to pedestrian,2
18-30,Male,Junior high school,Employee,2-5yr,Two-way (divided with broken lines road marking),Y Shape,Asphalt roads,Darkness - lights lit,Normal,Vehicle with vehicle collision,Going straight,Not a Pedestrian,Changing lane to the left,2
18-30,Male,Junior high school,Employee,2-5yr,other,No junction,Asphalt roads,Daylight,Raining,Vehicle with vehicle collision,Going straight,Not a Pedestrian,No distancing,2
18-30,Male,Junior high school,Employee,5-10yr,Two-way (divided with broken lines road marking),Crossing,Asphalt roads,Daylight,Normal,Vehicle with vehicle collision,Going straight,Not a Pedestrian,Other,2
18-30,Male,Junior high school,Employee,1-2yr,Two-way (divided with broken lines road marking),Crossing,Asphalt roads,Daylight,Normal,Vehicle with vehicle collision,Going straight,Not a Pedestrian,No distancing,2
31-50,Male,Junior high school,Owner,2-5yr,Two-way (divided with broken lines road marking),Y Shape,Asphalt roads,Daylight,Normal,Vehicle with vehicle collision,Going straight,Unknown or other,No priority to pedestrian,2
Unknown,Female,High school,Owner,2-5yr,Two-way (divided with broken lines road marking),No junction,Asphalt roads,Daylight,Normal,Vehicle with vehicle collision,Going straight,Not a Pedestrian,Moving Backward,2
Over 51,Male,Unknown,Employee,Unknown,Unknown,No junction,Asphalt roads,Daylight,Normal,Vehicle with vehicle collision,Going straight,Not a Pedestrian,No priority to pedestrian,2
Unknown,Male,Junior high school,Owner,1-2yr,Two-way (divided with broken lines road marking),Y Shape,Asphalt roads,Daylight,Unknown,Vehicle with vehicle collision,Other,Not a Pedestrian,No distancing,2
Unknown,Male,Junior high school,Unknown,Below 1yr,Undivided Two way,Y Shape,Asphalt roads,Daylight,Unknown,Vehicle with vehicle collision,Going straight,Not a Pedestrian,No priority to pedestrian,2
Unknown,Male,High school,Employee,1-2yr,Undivided Two way,No junction,Asphalt roads,Daylight,Raining,Vehicle with vehicle collision,Overtaking,Not a Pedestrian,Driving carelessly,2
31-50,Male,Above high school,Employee,1-2yr,One way,No junction,Asphalt roads,Daylight,Raining,Vehicle with vehicle collision,Going straight,Not a Pedestrian,Getting off the vehicle improperly,2
31-50,Male,Junior high school,Employee,Above 10yr,Two-way (divided with broken lines road marking),Crossing,Asphalt roads,Darkness - lights lit,Normal,Vehicle with vehicle collision,Going straight,Crossing from nearside - masked by parked or statioNot a Pedestrianry vehicle,Driving carelessly,2
18-30,Male,High school,Employee,1-2yr,One way,Crossing,Asphalt roads,Darkness - lights lit,Normal,Vehicle with vehicle collision,Going straight,Unknown or other,Changing lane to the left,2
Over 51,Male,Junior high school,Employee,2-5yr,Two-way (divided with broken lines road marking),No junction,Asphalt roads,Daylight,Normal,Vehicle with vehicle collision,U-Turn,Unknown or other,No priority to vehicle,2
Over 51,Male,Above high school,Other,2-5yr,Double carriageway (median),No junction,Asphalt roads,Daylight,Normal,Vehicle with vehicle collision,Going straight,Not a Pedestrian,Changing lane to the right,2
18-30,Male,High school,Employee,Above 10yr,Unknown,Y Shape,Asphalt roads,Daylight,Normal,Vehicle with vehicle collision,Going straight,Not a Pedestrian,Changing lane to the right,1
Unknown,Female,Elementary school,Employee,5-10yr,Unknown,Y Shape,Asphalt roads,Daylight,Other,Collision with roadside objects,Going straight,Not a Pedestrian,No distancing,2
18-30,Male,High school,Employee,1-2yr,other,Y Shape,Asphalt roads,Daylight,Other,Collision with roadside objects,Going straight,Not a Pedestrian,No distancing,2
Under 18,Male,High school,Employee,5-10yr,Unknown,Other,Asphalt roads,Daylight,Normal,Vehicle with vehicle collision,Turnover,Crossing from driver's nearside,Changing lane to the left,2
Over 51,Male,High school,Employee,2-5yr,One way,Other,Asphalt roads,Daylight,Normal,Vehicle with vehicle collision,Going straight,Not a Pedestrian,Changing lane to the right,2
31-50,Male,Junior high school,Employee,1-2yr,Undivided Two way,O Shape,Asphalt roads,Daylight,Normal,Vehicle with vehicle collision,Going straight,Not a Pedestrian,No priority to vehicle,2
18-30,Male,Above high school,Employee,Above 10yr,Two-way (divided with broken lines road marking),O Shape,Asphalt roads,Daylight,Normal,Vehicle with vehicle collision,Moving Backward,Not a Pedestrian,Changing lane to the left,2
Under 18,Male,Above high school,Employee,2-5yr,Two-way (divided with broken lines road marking),No junction,Asphalt roads,Darkness - lights lit,Raining,Collision with roadside objects,Going straight,Not a Pedestrian,No priority to vehicle,2
Under 18,Male,Elementary school,Employee,5-10yr,Two-way (divided with broken lines road marking),No junction,Asphalt roads,Darkness - lights lit,Raining,Vehicle with vehicle collision,Moving Backward,Not a Pedestrian,Moving Backward,2
18-30,Male,Elementary school,Employee,1-2yr,Two-way (divided with broken lines road marking),Y Shape,Asphalt roads,Daylight,Raining,Collision with roadside objects,Going straight,Not a Pedestrian,Turnover,2
18-30,Male,Junior high school,Employee,Unknown,other,Y Shape,Asphalt roads,Daylight,Raining,Collision with roadside objects,Going straight,Not a Pedestrian,No distancing,2
Over 51,Male,Unknown,Unknown,Unknown,other,No junction,Asphalt roads,Daylight,Normal,Collision with pedestrians,Going straight,Not a Pedestrian,No distancing,2
31-50,Male,Elementary school,Employee,5-10yr,Two-way (divided with broken lines road marking),No junction,Asphalt roads,Daylight,Normal,Vehicle with vehicle collision,Going straight,Not a Pedestrian,No distancing,2
31-50,Male,Junior high school,Employee,2-5yr,Undivided Two way,No junction,Asphalt roads,Daylight,Normal,Collision with roadside objects,U-Turn,Not a Pedestrian,Changing lane to the left,2
31-50,Male,Junior high school,Employee,5-10yr,other,No junction,Asphalt roads,Daylight,Normal,Vehicle with vehicle collision,Going straight,Not a Pedestrian,No priority to vehicle,2
31-50,Male,High school,Employee,2-5yr,other,No junction,Asphalt roads,Daylight,Normal,Vehicle with vehicle collision,Going straight,Not a Pedestrian,Driving at high speed,2
31-50,Male,Junior high school,Employee,1-2yr,Undivided Two way,Crossing,Asphalt roads,Daylight,Normal,Vehicle with vehicle collision,Going straight,Not a Pedestrian,Overtaking,2
Over 51,Male,Junior high school,Employee,1-2yr,other,Crossing,Asphalt roads,Daylight,Normal,Vehicle with vehicle collision,Going straight,Crossing from driver's nearside,Other,2
Over 51,Male,Junior high school,Employee,5-10yr,Undivided Two way,Crossing,Asphalt roads,Daylight,Normal,Vehicle with vehicle collision,Going straight,Not a Pedestrian,Changing lane to the left,2
18-30,Male,Illiterate,Employee,unknown,Undivided Two way,Y Shape,Asphalt roads,Daylight,Normal,Vehicle with vehicle collision,Going straight,Not a Pedestrian,No priority to pedestrian,2
18-30,Male,Junior high school,Employee,5-10yr,Double carriageway (median),Y Shape,Asphalt roads,Daylight,Normal,Collision with roadside objects,Stopping,Unknown or other,Changing lane to the left,2
18-30,Male,Junior high school,Employee,1-2yr,other,No junction,Asphalt roads,Daylight,Normal,Vehicle with vehicle collision,Turnover,Unknown or other,No distancing,2
31-50,Male,Junior high school,Employee,2-5yr,Two-way (divided with broken lines road marking),No junction,Asphalt roads,Daylight,Unknown,Collision with roadside objects,Getting off,Unknown or other,Moving Backward,2
Under 18,Male,Junior high school,Employee,Above 10yr,other,No junction,Asphalt roads,Daylight,Unknown,Vehicle with vehicle collision,Moving Backward,Not a Pedestrian,Changing lane to the left,2
Under 18,Male,Junior high school,Owner,5-10yr,other,Y Shape,Asphalt roads,Darkness - lights lit,Normal,Vehicle with vehicle collision,Moving Backward,Not a Pedestrian,Other,1
18-30,Male,High school,Employee,1-2yr,Two-way (divided with broken lines road marking),Y Shape,Asphalt roads,Darkness - lights lit,Normal,Vehicle with vehicle collision,Going straight,Not a Pedestrian,No distancing,1
18-30,Male,Junior high school,Employee,Above 10yr,other,Unknown,Asphalt roads,Daylight,Normal,Collision with roadside objects,Turnover,Not a Pedestrian,Moving Backward,2
Unknown,Female,Junior high school,Employee,1-2yr,Undivided Two way,No junction,Asphalt roads,Daylight,Normal,Collision with roadside objects,Going straight,Not a Pedestrian,No distancing,1
31-50,Male,Junior high school,Employee,2-5yr,Undivided Two way,No junction,Asphalt roads,Daylight,Normal,Vehicle with vehicle collision,Going straight,Crossing from driver's nearside,Changing lane to the left,1
Over 51,Male,Junior high school,Employee,Above 10yr,Two-way (divided with broken lines road marking),No junction,Asphalt roads,Daylight,Normal,Vehicle with vehicle collision,U-Turn,Not a Pedestrian,Changing lane to the left,2
Over 51,Male,Junior high school,Employee,2-5yr,Undivided Two way,No junction,Asphalt roads,Daylight,Normal,Vehicle with vehicle collision,Going straight,Not a Pedestrian,No priority to pedestrian,2
Unknown,Male,Elementary school,Employee,5-10yr,Double carriageway (median),No junction,Asphalt roads,Daylight,Normal,Vehicle with vehicle collision,Going straight,Not a Pedestrian,Changing lane to the left,2
18-30,Male,Unknown,Unknown,Unknown,other,No junction,Asphalt roads,Daylight,Normal,Vehicle with vehicle collision,U-Turn,Not a Pedestrian,Driving carelessly,2
31-50,Male,Elementary school,Employee,1-2yr,Two-way (divided with broken lines road marking),No junction,Asphalt roads,Daylight,Normal,Vehicle with vehicle collision,Stopping,Not a Pedestrian,Driving carelessly,2
Unknown,Female,Elementary school,Employee,5-10yr,Two-way (divided with broken lines road marking),No junction,Asphalt roads,Daylight,Normal,Vehicle with vehicle collision,Going straight,Not a Pedestrian,No priority to pedestrian,2
18-30,Male,Elementary school,Employee,5-10yr,Undivided Two way,No junction,Asphalt roads,Daylight,Normal,Collision with roadside objects,Moving Backward,Not a Pedestrian,Getting off the vehicle improperly,2
Unknown,Male,Junior high school,Employee,1-2yr,Undivided Two way,No junction,Asphalt roads,Daylight,Unknown,Collision with roadside objects,Getting off,Not a Pedestrian,No distancing,2
Unknown,Male,Junior high school,Employee,5-10yr,Undivided Two way,No junction,Asphalt roads,Daylight,Unknown,Collision with roadside objects,Going straight,Not a Pedestrian,Changing lane to the left,2
Unknown,Female,Junior high school,Employee,5-10yr,Two-way (divided with broken lines road marking),No junction,Asphalt roads,Daylight,Unknown,Vehicle with vehicle collision,Going straight,Not a Pedestrian,No priority to vehicle,2
Unknown,Male,Junior high school,Employee,2-5yr,other,Y Shape,Asphalt roads,Darkness - lights lit,Raining,Vehicle with vehicle collision,Turnover,Not a Pedestrian,No distancing,2
Under 18,Male,Junior high school,Employee,1-2yr,Unknown,Y Shape,Asphalt roads,Darkness - lights lit,Raining,Vehicle with vehicle collision,Moving Backward,Not a Pedestrian,No priority to pedestrian,2
Under 18,Male,Junior high school,Employee,5-10yr,Double carriageway (median),Y Shape,Asphalt roads,Darkness - lights lit,Raining,Vehicle with vehicle collision,Going straight,Not a Pedestrian,No priority to pedestrian,2
Under 18,Male,Junior high school,Employee,Below 1yr,Two-way (divided with broken lines road marking),Y Shape,Asphalt roads,Darkness - lights lit,Raining,Collision with pedestrians,Moving Backward,Not a Pedestrian,No priority to vehicle,2
Under 18,Male,Junior high school,Employee,5-10yr,Two-way (divided with broken lines road marking),Y Shape,Asphalt roads,Darkness - lights lit,Raining,Collision with pedestrians,Going straight,Not a Pedestrian,Driving carelessly,2
18-30,Male,Junior high school,Owner,5-10yr,Two-way (divided with broken lines road marking),Y Shape,Asphalt roads,Daylight,Normal,Vehicle with vehicle collision,Unknown,Not a Pedestrian,Changing lane to the right,2
Over 51,Male,Unknown,Owner,5-10yr,Unknown,Y Shape,Asphalt roads,Daylight,Normal,Vehicle with vehicle collision,Going straight,Not a Pedestrian,Changing lane to the left,2
18-30,Male,Junior high school,Employee,5-10yr,Two-way (divided with broken lines road marking),Y Shape,Earth roads,Darkness - lights lit,Normal,Vehicle with vehicle collision,Unknown,Not a Pedestrian,Moving Backward,2
31-50,Male,High school,Employee,2-5yr,Double carriageway (median),Y Shape,Asphalt roads,Darkness - lights lit,Normal,Vehicle with vehicle collision,Going straight,Not a Pedestrian,Driving carelessly,2
18-30,Male,Above high school,Employee,5-10yr,Two-way (divided with broken lines road marking),Y Shape,Asphalt roads,Darkness - lights lit,Normal,Vehicle with vehicle collision,Unknown,Not a Pedestrian,Driving to the left,2
18-30,Male,Junior high school,Employee,Above 10yr,Undivided Two way,Y Shape,Asphalt roads,Darkness - lights lit,Normal,Vehicle with vehicle collision,Going straight,Not a Pedestrian,Driving to the left,2